Workbook
Name task_categories: 'Списки'!$A$2:$A$7
Name task_priorities: 'Списки'!$B$2:$B$4
Name task_statuses: 'Списки'!$C$2:$C$5

Sheet Задачи
A1: ID | B1: Дата постановки | C1: Задача | D1: Категория | E1: Ответственный | F1: Приоритет | G1: Статус | H1: Срок | I1: Осталось дней | J1: Просрочено | K1: Комментарий
A2: =IF(C2="","",ROW()-1) | I2: =IF(H2="","",H2-TODAY()) | J2: =IF(OR(H2="",G2="Выполнено"),"",IF(H2<TODAY(),"Да","Нет"))
A3: =IF(C3="","",ROW()-1) | I3: =IF(H3="","",H3-TODAY()) | J3: =IF(OR(H3="",G3="Выполнено"),"",IF(H3<TODAY(),"Да","Нет"))
A4: =IF(C4="","",ROW()-1) | I4: =IF(H4="","",H4-TODAY()) | J4: =IF(OR(H4="",G4="Выполнено"),"",IF(H4<TODAY(),"Да","Нет"))
A5: =IF(C5="","",ROW()-1) | I5: =IF(H5="","",H5-TODAY()) | J5: =IF(OR(H5="",G5="Выполнено"),"",IF(H5<TODAY(),"Да","Нет"))
A6: =IF(C6="","",ROW()-1) | I6: =IF(H6="","",H6-TODAY()) | J6: =IF(OR(H6="",G6="Выполнено"),"",IF(H6<TODAY(),"Да","Нет"))
A7: =IF(C7="","",ROW()-1) | I7: =IF(H7="","",H7-TODAY()) | J7: =IF(OR(H7="",G7="Выполнено"),"",IF(H7<TODAY(),"Да","Нет"))
A8: =IF(C8="","",ROW()-1) | I8: =IF(H8="","",H8-TODAY()) | J8: =IF(OR(H8="",G8="Выполнено"),"",IF(H8<TODAY(),"Да","Нет"))
A9: =IF(C9="","",ROW()-1) | I9: =IF(H9="","",H9-TODAY()) | J9: =IF(OR(H9="",G9="Выполнено"),"",IF(H9<TODAY(),"Да","Нет"))
A10: =IF(C10="","",ROW()-1) | I10: =IF(H10="","",H10-TODAY()) | J10: =IF(OR(H10="",G10="Выполнено"),"",IF(H10<TODAY(),"Да","Нет"))
A11: =IF(C11="","",ROW()-1) | I11: =IF(H11="","",H11-TODAY()) | J11: =IF(OR(H11="",G11="Выполнено"),"",IF(H11<TODAY(),"Да","Нет"))
A12: =IF(C12="","",ROW()-1) | I12: =IF(H12="","",H12-TODAY()) | J12: =IF(OR(H12="",G12="Выполнено"),"",IF(H12<TODAY(),"Да","Нет"))
A13: =IF(C13="","",ROW()-1) | I13: =IF(H13="","",H13-TODAY()) | J13: =IF(OR(H13="",G13="Выполнено"),"",IF(H13<TODAY(),"Да","Нет"))
... A201: =IF(C201="","",ROW()-1) | I201: =IF(H201="","",H201-TODAY()) | J201: =IF(OR(H201="",G201="Выполнено"),"",IF(H201<TODAY(),"Да","Нет"))

Sheet Сводка
A1: Показатель | B1: Значение
A2: Всего задач | B2: =COUNTA('Задачи'!$C$2:$C$201)
A3: Новая | B3: =COUNTIF('Задачи'!$G$2:$G$201,"Новая")
A4: В работе | B4: =COUNTIF('Задачи'!$G$2:$G$201,"В работе")
A5: На паузе | B5: =COUNTIF('Задачи'!$G$2:$G$201,"На паузе")
A6: Выполнено | B6: =COUNTIF('Задачи'!$G$2:$G$201,"Выполнено")
A7: Просрочено | B7: =COUNTIF('Задачи'!$J$2:$J$201,"Да")
A8: Высокий приоритет | B8: =COUNTIF('Задачи'!$F$2:$F$201,"Высокий")
A9: Срок сегодня | B9: =COUNTIFS('Задачи'!$H$2:$H$201,TODAY(),'Задачи'!$G$2:$G$201,"<>Выполнено")

Sheet Списки
A1: Категории | B1: Приоритеты | C1: Статусы
A2: Документы | B2: Низкий | C2: Новая
A3: Закупки | B3: Средний | C3: В работе
A4: Встречи | B4: Высокий | C4: На паузе
A5: IT | C5: Выполнено
A6: Администрирование
A7: Прочее
